full_name,email,phone,gender,age,job_title,years_of_experience,salary,department,designation
Jose Lopez,joselopez0944@slingacademy.com,Invalid Number,male,25,Project Manager,1,8500,Product,System Engineer
Diane Carter,dianecarter1228@slingacademy.com,881.633.0107,female,26,Machine Learning Engineer,2,7000,Product,System Engineer
Shawn Foster,shawnfoster2695@slingacademy.com,Invalid Number,male,37,Project Manager,14,17000,Product,Lead
Brenda Fisher,brendafisher3185@slingacademy.com,001-574-564-4648,female,31,Web Developer,8,10000,Product,Senior Data Engineer
Sean Hunter,seanhunter4753@slingacademy.com,5838355842,male,35,Project Manager,11,14500,Product,Lead
Joshua Jacobs,joshuajacobs5904@slingacademy.com,053-913-2609,male,28,Project Manager,3,10500,Product,Data Engineer
Brianna Marshall,briannamarshall6438@slingacademy.com,701-932-8553,female,33,Machine Learning Engineer,10,11000,Product,Senior Data Engineer
John Tate,johntate7881@slingacademy.com,Invalid Number,male,33,Mobile Developer,10,11000,Product,Senior Data Engineer
Jillian Byrd,jillianbyrd8170@slingacademy.com,Invalid Number,female,34,Web Developer,10,11000,Product,Senior Data Engineer
Melanie Sharp,melaniesharp9256@slingacademy.com,(848)212-0230,female,41,Web Developer,15,14500,Product,Lead
Brandy Mckee,brandymckee10500@slingacademy.com,Invalid Number,female,37,Web Developer,14,14000,Product,Lead
Robert Simpson,robertsimpson11778@slingacademy.com,Invalid Number,male,36,DevOps Engineer,12,15000,Product,Lead
George Mckenzie,georgemckenzie12384@slingacademy.com,(843)416-2489,male,28,Machine Learning Engineer,4,10000,Product,Data Engineer
Joseph Smith,josephsmith13724@slingacademy.com,+1-380-230-4166,male,40,Machine Learning Engineer,14,14000,Product,Lead
Dana Crawford,danacrawford14310@slingacademy.com,Invalid Number,female,32,Project Manager,8,12000,Product,Senior Data Engineer
Christopher Benson,christopherbenson15937@slingacademy.com,Invalid Number,male,29,Web Developer,5,7500,Product,Data Engineer
Nicole Smith,nicolesmith16360@slingacademy.com,Invalid Number,female,26,Designer,4,10000,Product,Data Engineer
Peter Jimenez,peterjimenez17791@slingacademy.com,Invalid Number,male,28,Mobile Developer,3,6500,Product,Data Engineer
Sergio Boyle,sergioboyle18425@slingacademy.com,3027626274,male,31,Tester,6,9000,Product,Senior Data Engineer
Brianna Moss,briannamoss19517@slingacademy.com,Invalid Number,female,31,Designer,5,10500,Product,Data Engineer
Taylor Garner,taylorgarner20196@slingacademy.com,Invalid Number,female,32,Machine Learning Engineer,6,11000,Product,Senior Data Engineer
Michael Padilla,michaelpadilla21381@slingacademy.com,(787)446-1738,male,29,Tester,5,9500,Product,Data Engineer
Yvette Walker,yvettewalker22744@slingacademy.com,154-489-0248,female,26,Designer,2,7000,Product,System Engineer
Kristina Pena,kristinapena23750@slingacademy.com,Invalid Number,female,34,DevOps Engineer,11,12500,Product,Lead
Vanessa Reynolds,vanessareynolds24710@slingacademy.com,Invalid Number,female,36,Machine Learning Engineer,10,13000,Product,Senior Data Engineer
Robert Suarez,robertsuarez25924@slingacademy.com,Invalid Number,male,33,Tester,9,9500,Product,Senior Data Engineer
Tammy Ellis,tammyellis26570@slingacademy.com,Invalid Number,female,37,HR Manager,14,14000,Human Resource,Lead
Rodney Porter,rodneyporter27496@slingacademy.com,+1-508-187-4826,male,28,DevOps Engineer,3,9500,Product,Data Engineer
David Reyes,davidreyes28592@slingacademy.com,Invalid Number,male,25,Designer,2,7000,Product,System Engineer
Brian Kirby,briankirby29574@slingacademy.com,Invalid Number,male,31,Machine Learning Engineer,8,10000,Product,Senior Data Engineer
Tammy Walker,tammywalker30386@slingacademy.com,Invalid Number,female,31,Web Developer,7,8500,Product,Senior Data Engineer
Angela Stewart,angelastewart31951@slingacademy.com,745-157-5520,female,34,HR Manager,10,10000,Human Resource,Senior Data Engineer
Susan Parker,susanparker32865@slingacademy.com,255.599.0102,female,25,DevOps Engineer,3,8500,Product,Data Engineer
Robert Hogan,roberthogan33599@slingacademy.com,1138662041,male,24,Tester,2,7000,Product,System Engineer
Dawn Pham,dawnpham34908@slingacademy.com,Invalid Number,female,27,Designer,4,9000,Product,Data Engineer
Karen Duke,karenduke35869@slingacademy.com,622.245.2756,female,29,DevOps Engineer,6,11000,Product,Senior Data Engineer
Julian Thompson,julianthompson36437@slingacademy.com,Invalid Number,male,28,Machine Learning Engineer,4,7000,Product,Data Engineer
Daisy Perry,daisyperry37789@slingacademy.com,Invalid Number,female,30,Tester,5,9500,Product,Data Engineer
Sarah Smith,sarahsmith38793@slingacademy.com,Invalid Number,female,24,Machine Learning Engineer,2,6000,Product,System Engineer
Eric Randolph,ericrandolph39291@slingacademy.com,Invalid Number,male,29,Designer,5,8500,Product,Data Engineer
William Keller,williamkeller40838@slingacademy.com,Invalid Number,male,30,Web Developer,4,8000,Product,Data Engineer
George Salas,georgesalas41217@slingacademy.com,Invalid Number,male,35,Web Developer,11,10500,Product,Lead
Alyssa Archer,alyssaarcher42600@slingacademy.com,Invalid Number,female,35,DevOps Engineer,13,15500,Product,Lead
Daniel Wagner,danielwagner43907@slingacademy.com,Invalid Number,male,35,HR Manager,11,12500,Human Resource,Lead
David Howard,davidhoward44518@slingacademy.com,(940)475-4836,male,33,Machine Learning Engineer,9,11500,Product,Senior Data Engineer
Brett Friedman,brettfriedman45236@slingacademy.com,Invalid Number,male,34,HR Manager,10,10000,Human Resource,Senior Data Engineer
Shaun Harris,shaunharris46875@slingacademy.com,(279)621-2475,male,23,Designer,1,6500,Product,System Engineer
Jason Morris,jasonmorris47229@slingacademy.com,Invalid Number,male,28,DevOps Engineer,5,9500,Product,Data Engineer
Jesse Mcdaniel,jessemcdaniel48348@slingacademy.com,Invalid Number,male,35,Mobile Developer,11,11500,Product,Lead
Jessica Torres,jessicatorres49971@slingacademy.com,Invalid Number,female,33,HR Manager,7,9500,Human Resource,Senior Data Engineer
Bradley Garcia,bradleygarcia50896@slingacademy.com,(267)794-5965,male,29,Designer,3,6500,Product,Data Engineer
Christopher Walker,christopherwalker51808@slingacademy.com,954.740.2159,male,25,Mobile Developer,1,5500,Product,System Engineer
Jason Boyd,jasonboyd52182@slingacademy.com,Invalid Number,male,39,Designer,14,15000,Product,Lead
Colleen Cooper,colleencooper53362@slingacademy.com,Invalid Number,female,32,Machine Learning Engineer,7,10500,Product,Senior Data Engineer
Laurie Robinson,laurierobinson54980@slingacademy.com,989.611.2546,female,38,Mobile Developer,15,13500,Product,Lead
Tiffany Novak,tiffanynovak55365@slingacademy.com,Invalid Number,female,35,Mobile Developer,12,12000,Product,Lead
Sophia Coleman,sophiacoleman56563@slingacademy.com,Invalid Number,female,40,Tester,15,13500,Product,Lead
Jodi Harris,jodiharris57145@slingacademy.com,001-466-805-0485,female,34,DevOps Engineer,9,13500,Product,Senior Data Engineer
Michael Calhoun,michaelcalhoun58176@slingacademy.com,001-931-707-3027,male,23,Web Developer,1,7500,Product,System Engineer
Aaron Tran,aarontran59178@slingacademy.com,Invalid Number,male,40,DevOps Engineer,15,16500,Product,Lead
Karen Aguirre,karenaguirre60547@slingacademy.com,Invalid Number,female,36,Web Developer,13,13500,Product,Lead
Danielle Morrison,daniellemorrison61394@slingacademy.com,Invalid Number,female,31,HR Manager,7,9500,Human Resource,Senior Data Engineer
Amanda Thomas,amandathomas62614@slingacademy.com,001-629-462-1944,female,28,Web Developer,6,9000,Product,Senior Data Engineer
Sarah Spencer,sarahspencer63772@slingacademy.com,(025)089-0360,female,36,Tester,14,14000,Product,Lead
Jessica Ho,jessicaho64531@slingacademy.com,251-289-1532,female,34,DevOps Engineer,10,12000,Product,Senior Data Engineer
Kristy Rhodes,kristyrhodes65269@slingacademy.com,Invalid Number,female,40,Web Developer,15,13500,Product,Lead
Joseph Hobbs,josephhobbs66797@slingacademy.com,Invalid Number,male,26,Mobile Developer,1,7500,Product,System Engineer
Allison Matthews,allisonmatthews67756@slingacademy.com,(394)302-9258,female,35,Web Developer,12,12000,Product,Lead
James Phillips,jamesphillips68522@slingacademy.com,(733)967-0336,male,40,Web Developer,15,14500,Product,Lead
Philip Thomas,philipthomas69207@slingacademy.com,Invalid Number,male,38,DevOps Engineer,12,15000,Product,Lead
Dawn Walker,dawnwalker70868@slingacademy.com,Invalid Number,female,31,Mobile Developer,6,10000,Product,Senior Data Engineer
Denise Lopez,deniselopez71911@slingacademy.com,597.328.1460,female,31,Designer,5,9500,Product,Data Engineer
Gregory House,gregoryhouse72945@slingacademy.com,1541376919,male,34,HR Manager,9,9500,Human Resource,Senior Data Engineer
Stacie Diaz,staciediaz73929@slingacademy.com,Invalid Number,female,31,Machine Learning Engineer,6,11000,Product,Senior Data Engineer
Barbara Burns,barbaraburns74284@slingacademy.com,Invalid Number,female,33,Web Developer,11,10500,Product,Lead
Jessica Cortez,jessicacortez75317@slingacademy.com,768.794.6062,female,39,Tester,14,12000,Product,Lead
Daniel Hernandez,danielhernandez76747@slingacademy.com,+1-653-006-3659,male,33,Tester,7,9500,Product,Senior Data Engineer
Eugene Diaz,eugenediaz77610@slingacademy.com,Invalid Number,male,29,Machine Learning Engineer,3,9500,Product,Data Engineer
Earl Nelson,earlnelson78644@slingacademy.com,001-666-637-1061,male,34,Web Developer,11,12500,Product,Lead
Elizabeth Jackson,elizabethjackson79562@slingacademy.com,Invalid Number,female,28,DevOps Engineer,3,8500,Product,Data Engineer
John Martinez,johnmartinez80595@slingacademy.com,001-116-711-6587,male,26,Web Developer,4,7000,Product,Data Engineer
Wesley Shaw,wesleyshaw81546@slingacademy.com,0250878834,male,26,Mobile Developer,1,6500,Product,System Engineer
Michael Davila,michaeldavila82958@slingacademy.com,9179864827,male,40,DevOps Engineer,14,16000,Product,Lead
Heidi Hill,heidihill83123@slingacademy.com,Invalid Number,female,40,Tester,15,12500,Product,Lead
Yvonne Bass,yvonnebass84513@slingacademy.com,Invalid Number,female,33,Tester,8,9000,Product,Senior Data Engineer
Jamie Jones,jamiejones85266@slingacademy.com,001-039-712-8015,female,24,Web Developer,1,6500,Product,System Engineer
Brady Washington,bradywashington86649@slingacademy.com,Invalid Number,male,23,Designer,1,5500,Product,System Engineer
Michael Rivera,michaelrivera87962@slingacademy.com,243-399-1129,male,29,Web Developer,3,6500,Product,Data Engineer
Angela Morales,angelamorales88595@slingacademy.com,Invalid Number,female,28,Web Developer,4,9000,Product,Data Engineer
Larry Moore,larrymoore89266@slingacademy.com,Invalid Number,male,28,Web Developer,5,7500,Product,Data Engineer
Veronica Oliver,veronicaoliver90922@slingacademy.com,Invalid Number,female,25,Tester,2,7000,Product,System Engineer
Clayton Smith,claytonsmith91214@slingacademy.com,8318062400,male,27,Mobile Developer,2,6000,Product,System Engineer
Tamara Randall,tamararandall92432@slingacademy.com,Invalid Number,female,32,Mobile Developer,10,11000,Product,Senior Data Engineer
Amy Vaughn,amyvaughn93722@slingacademy.com,Invalid Number,female,28,Designer,5,11500,Product,Data Engineer
Larry Chapman,larrychapman94932@slingacademy.com,001-539-747-0649,male,35,Designer,12,12000,Product,Lead
Eugene Mcintyre,eugenemcintyre95994@slingacademy.com,481-160-8125,male,25,HR Manager,2,7000,Human Resource,System Engineer
Patricia Suarez,patriciasuarez96379@slingacademy.com,Invalid Number,female,41,Designer,15,16500,Product,Lead
Melissa Vasquez,melissavasquez97165@slingacademy.com,490-884-4764,female,35,DevOps Engineer,10,12000,Product,Senior Data Engineer
Stephanie Hodges,stephaniehodges98715@slingacademy.com,Invalid Number,female,38,Web Developer,14,14000,Product,Lead
Brian Watkins,brianwatkins99160@slingacademy.com,2648820032,male,32,Web Developer,10,11000,Product,Senior Data Engineer
Zachary Ellis,zacharyellis100141@slingacademy.com,Invalid Number,male,34,Tester,12,12000,Product,Lead
Mark Maxwell,markmaxwell101603@slingacademy.com,137-430-7223,male,28,Tester,4,9000,Product,Data Engineer
Jill Farmer,jillfarmer102620@slingacademy.com,0571661198,female,26,DevOps Engineer,4,9000,Product,Data Engineer
Rhonda Park,rhondapark103796@slingacademy.com,498-878-6219,female,35,DevOps Engineer,12,13000,Product,Lead
Jessica Park,jessicapark104881@slingacademy.com,874-348-4705,female,26,HR Manager,1,5500,Human Resource,System Engineer
Keith Bender,keithbender105366@slingacademy.com,Invalid Number,male,35,Machine Learning Engineer,10,10000,Product,Senior Data Engineer
Andrew Silva,andrewsilva106948@slingacademy.com,3782883279,male,35,HR Manager,12,11000,Human Resource,Lead
John Escobar,johnescobar107306@slingacademy.com,Invalid Number,male,34,Mobile Developer,8,10000,Product,Senior Data Engineer
Savannah Woods,savannahwoods108924@slingacademy.com,Invalid Number,female,23,Web Developer,1,5500,Product,System Engineer
Cameron Solis,cameronsolis109983@slingacademy.com,Invalid Number,male,36,Machine Learning Engineer,14,14000,Product,Lead
Patrick Johnson,patrickjohnson110856@slingacademy.com,Invalid Number,male,36,Tester,12,13000,Product,Lead
Nathan Oconnor,nathanoconnor111395@slingacademy.com,Invalid Number,male,37,Mobile Developer,11,11500,Product,Lead
Felicia Fox,feliciafox112789@slingacademy.com,Invalid Number,female,38,Web Developer,12,11000,Product,Lead
Nicole Davis,nicoledavis113588@slingacademy.com,Invalid Number,female,26,Web Developer,1,5500,Product,System Engineer
Gregory Kirk,gregorykirk114408@slingacademy.com,Invalid Number,male,39,Machine Learning Engineer,13,11500,Product,Lead
Ashley Carrillo,ashleycarrillo115726@slingacademy.com,001-097-500-5888,female,37,Tester,12,12000,Product,Lead
Brandon White,brandonwhite116729@slingacademy.com,Invalid Number,male,31,Machine Learning Engineer,7,8500,Product,Senior Data Engineer
Joshua Miles,joshuamiles117429@slingacademy.com,+1-810-231-0550,male,29,Web Developer,5,7500,Product,Data Engineer
Gabriel Shannon,gabrielshannon118996@slingacademy.com,Invalid Number,male,33,DevOps Engineer,11,13500,Product,Lead
Charles Chan,charleschan119980@slingacademy.com,077-570-4283,male,26,Machine Learning Engineer,2,7000,Product,System Engineer
Stephanie Hill,stephaniehill120240@slingacademy.com,Invalid Number,female,38,DevOps Engineer,15,15500,Product,Lead
Brian Kelly,briankelly121771@slingacademy.com,Invalid Number,male,38,DevOps Engineer,12,15000,Product,Lead
Susan Lopez,susanlopez122522@slingacademy.com,573-472-7131,female,30,Machine Learning Engineer,8,9000,Product,Senior Data Engineer
Logan Edwards,loganedwards123515@slingacademy.com,536.588.4331,male,36,Designer,14,16000,Product,Lead
Ryan Young,ryanyoung124775@slingacademy.com,Invalid Number,male,36,DevOps Engineer,13,15500,Product,Lead
Rebecca Crawford,rebeccacrawford125111@slingacademy.com,Invalid Number,female,37,Web Developer,13,11500,Product,Lead
Leslie Sullivan,lesliesullivan126504@slingacademy.com,Invalid Number,female,40,Tester,15,12500,Product,Lead
Andrew Carey,andrewcarey127127@slingacademy.com,4267904671,male,24,DevOps Engineer,1,9500,Product,System Engineer
Richard Sawyer,richardsawyer128529@slingacademy.com,(485)441-3528,male,30,Mobile Developer,8,11000,Product,Senior Data Engineer
Garrett Nguyen,garrettnguyen129713@slingacademy.com,Invalid Number,male,36,Machine Learning Engineer,13,11500,Product,Lead
Cody Zuniga,codyzuniga130555@slingacademy.com,Invalid Number,male,35,DevOps Engineer,13,15500,Product,Lead
James Johnson,jamesjohnson131504@slingacademy.com,358.400.3210,male,31,Tester,9,9500,Product,Senior Data Engineer
Jamie Ruiz,jamieruiz132870@slingacademy.com,Invalid Number,female,27,Tester,4,7000,Product,Data Engineer
Brandi Evans,brandievans133450@slingacademy.com,Invalid Number,female,29,Tester,5,8500,Product,Data Engineer
Jennifer Obrien,jenniferobrien134415@slingacademy.com,001-576-701-2547,female,40,Mobile Developer,14,12000,Product,Lead
Whitney Espinoza,whitneyespinoza135280@slingacademy.com,Invalid Number,female,29,Machine Learning Engineer,7,11500,Product,Senior Data Engineer
Brandon Rosario,brandonrosario136801@slingacademy.com,5804460236,male,26,Mobile Developer,4,8000,Product,Data Engineer
Jennifer Rhodes,jenniferrhodes137946@slingacademy.com,Invalid Number,female,29,Web Developer,4,8000,Product,Data Engineer
Jordan Michael,jordanmichael138385@slingacademy.com,(372)150-9511,female,27,Mobile Developer,3,7500,Product,Data Engineer
James Knight,jamesknight139390@slingacademy.com,Invalid Number,male,26,Web Developer,3,8500,Product,Data Engineer
Michelle Ramirez,michelleramirez140449@slingacademy.com,Invalid Number,female,27,Machine Learning Engineer,3,8500,Product,Data Engineer
Peter Mercado,petermercado141760@slingacademy.com,Invalid Number,male,33,Mobile Developer,11,12500,Product,Lead
Jason George,jasongeorge142858@slingacademy.com,001-431-125-6069,male,25,Machine Learning Engineer,2,9000,Product,System Engineer
John Arroyo,johnarroyo143863@slingacademy.com,6849186207,male,31,Machine Learning Engineer,5,7500,Product,Data Engineer
Ashley Mccann,ashleymccann144440@slingacademy.com,Invalid Number,female,32,Web Developer,8,11000,Product,Senior Data Engineer
John Robinson,johnrobinson145915@slingacademy.com,(200)221-4696,male,31,DevOps Engineer,8,12000,Product,Senior Data Engineer
Michael Clark,michaelclark146199@slingacademy.com,Invalid Number,male,32,Web Developer,6,8000,Product,Senior Data Engineer
Julia Howe,juliahowe147145@slingacademy.com,Invalid Number,female,33,Web Developer,8,9000,Product,Senior Data Engineer
John Roy,johnroy148826@slingacademy.com,Invalid Number,male,31,DevOps Engineer,9,11500,Product,Senior Data Engineer
Paul Nguyen,paulnguyen149760@slingacademy.com,Invalid Number,male,39,Mobile Developer,14,12000,Product,Lead
Chelsea Lewis,chelsealewis150888@slingacademy.com,Invalid Number,female,32,DevOps Engineer,10,13000,Product,Senior Data Engineer
Austin Bell,austinbell151766@slingacademy.com,Invalid Number,male,40,DevOps Engineer,15,16500,Product,Lead
Paul Allen,paulallen152619@slingacademy.com,2104766565,male,28,Mobile Developer,2,8000,Product,System Engineer
Gary Oliver,garyoliver153551@slingacademy.com,001-307-413-8100,male,29,Mobile Developer,4,7000,Product,Data Engineer
Diana Bowers,dianabowers154842@slingacademy.com,(472)461-2314,female,29,Web Developer,3,7500,Product,Data Engineer
Cody Peters,codypeters155367@slingacademy.com,Invalid Number,male,39,Mobile Developer,15,13500,Product,Lead
Cameron Gonzalez,camerongonzalez156781@slingacademy.com,001-671-656-9205,male,35,DevOps Engineer,13,14500,Product,Lead
Shelia Benson,sheliabenson157744@slingacademy.com,Invalid Number,female,26,Mobile Developer,3,6500,Product,Data Engineer
Jacqueline Brooks,jacquelinebrooks158463@slingacademy.com,803-716-9920,female,33,DevOps Engineer,10,14000,Product,Senior Data Engineer
William Turner,williamturner159974@slingacademy.com,611.777.0181,male,33,Web Developer,11,12500,Product,Lead
Lisa Logan,lisalogan160552@slingacademy.com,Invalid Number,female,37,Web Developer,15,12500,Product,Lead
Jeffery Jones,jefferyjones161216@slingacademy.com,Invalid Number,male,37,Mobile Developer,12,12000,Product,Lead
Scott Li,scottli162771@slingacademy.com,Invalid Number,male,30,Mobile Developer,5,8500,Product,Data Engineer
Chad Roberson,chadroberson163525@slingacademy.com,001-589-932-4079,male,34,Mobile Developer,8,11000,Product,Senior Data Engineer
Ariana Hernandez,arianahernandez164467@slingacademy.com,502-552-5808,female,28,Web Developer,6,8000,Product,Senior Data Engineer
Wanda Forbes,wandaforbes165141@slingacademy.com,Invalid Number,female,29,Mobile Developer,7,10500,Product,Senior Data Engineer
Edwin Cortez,edwincortez166250@slingacademy.com,Invalid Number,male,33,Web Developer,9,9500,Product,Senior Data Engineer
Sharon Smith,sharonsmith167760@slingacademy.com,Invalid Number,female,34,DevOps Engineer,8,11000,Product,Senior Data Engineer
Sherry Oliver,sherryoliver168772@slingacademy.com,(104)702-6330,female,33,DevOps Engineer,7,11500,Product,Senior Data Engineer
Eric Moses,ericmoses169891@slingacademy.com,Invalid Number,male,36,Web Developer,12,12000,Product,Lead
James Ruiz,jamesruiz170534@slingacademy.com,Invalid Number,male,27,Mobile Developer,3,8500,Product,Data Engineer
Julie Barber,juliebarber171592@slingacademy.com,Invalid Number,female,27,DevOps Engineer,1,7500,Product,System Engineer
Becky Mcpherson,beckymcpherson172514@slingacademy.com,Invalid Number,female,28,Web Developer,5,7500,Product,Data Engineer
Nicole Aguilar,nicoleaguilar173929@slingacademy.com,Invalid Number,female,26,Web Developer,1,7500,Product,System Engineer
Melissa Lee,melissalee174832@slingacademy.com,262-107-4732,female,32,Mobile Developer,9,9500,Product,Senior Data Engineer
Ariana Cochran,arianacochran175831@slingacademy.com,+1-248-824-7621,female,36,Web Developer,10,12000,Product,Senior Data Engineer
Lisa Carpenter,lisacarpenter176388@slingacademy.com,9008123667,female,32,Mobile Developer,9,9500,Product,Senior Data Engineer
Julie Wilson,juliewilson177313@slingacademy.com,Invalid Number,female,28,Mobile Developer,4,7000,Product,Data Engineer
Martin Crawford,martincrawford178513@slingacademy.com,Invalid Number,male,23,Mobile Developer,1,5500,Product,System Engineer
Daniel Peterson,danielpeterson179804@slingacademy.com,Invalid Number,male,27,DevOps Engineer,5,10500,Product,Data Engineer
Eric Lambert,ericlambert180283@slingacademy.com,710-838-5229,male,36,Mobile Developer,10,10000,Product,Senior Data Engineer
Marcia Huerta,marciahuerta181175@slingacademy.com,Invalid Number,female,32,Web Developer,6,8000,Product,Senior Data Engineer
Jason Ortiz,jasonortiz182754@slingacademy.com,Invalid Number,male,33,Mobile Developer,9,9500,Product,Senior Data Engineer
Keith Thomas,keiththomas183439@slingacademy.com,Invalid Number,male,28,Mobile Developer,5,9500,Product,Data Engineer
Sarah Freeman,sarahfreeman184758@slingacademy.com,Invalid Number,female,32,DevOps Engineer,9,13500,Product,Senior Data Engineer
Michael Galvan,michaelgalvan185989@slingacademy.com,+1-122-284-2113,male,28,Web Developer,2,8000,Product,System Engineer
Michael Warner,michaelwarner186194@slingacademy.com,790-287-4075,male,29,Mobile Developer,5,7500,Product,Data Engineer
Larry Thompson,larrythompson187420@slingacademy.com,Invalid Number,male,39,Web Developer,14,12000,Product,Lead
James Miller,jamesmiller188412@slingacademy.com,Invalid Number,male,37,Mobile Developer,15,13500,Product,Lead
James Steele,jamessteele189191@slingacademy.com,Invalid Number,male,35,Web Developer,10,10000,Product,Senior Data Engineer
Joseph Beck,josephbeck190237@slingacademy.com,Invalid Number,male,35,Mobile Developer,11,12500,Product,Lead
Wayne Cohen,waynecohen191993@slingacademy.com,Invalid Number,male,31,Web Developer,8,11000,Product,Senior Data Engineer
Bailey Reilly,baileyreilly192786@slingacademy.com,Invalid Number,female,26,Mobile Developer,1,5500,Product,System Engineer
Yolanda Smith,yolandasmith193826@slingacademy.com,Invalid Number,female,30,Mobile Developer,7,10500,Product,Senior Data Engineer
Kathleen Leblanc,kathleenleblanc194890@slingacademy.com,Invalid Number,female,29,Web Developer,4,9000,Product,Data Engineer
Christina Garza,christinagarza195263@slingacademy.com,273-987-3115,female,27,DevOps Engineer,4,9000,Product,Data Engineer
Jennifer Jarvis,jenniferjarvis196139@slingacademy.com,Invalid Number,female,28,Mobile Developer,6,9000,Product,Senior Data Engineer
Jesse Smith,jessesmith197279@slingacademy.com,Invalid Number,male,37,Web Developer,11,12500,Product,Lead
Melissa Richardson,melissarichardson198110@slingacademy.com,Invalid Number,female,29,Mobile Developer,5,9500,Product,Data Engineer
Michele Stewart,michelestewart199951@slingacademy.com,944.042.1529,female,29,DevOps Engineer,7,12500,Product,Senior Data Engineer
Jeremy Gilbert,jeremygilbert200282@slingacademy.com,Invalid Number,male,29,Mobile Developer,4,9000,Product,Data Engineer
Kevin Valentine,kevinvalentine201488@slingacademy.com,Invalid Number,male,33,Web Developer,10,11000,Product,Senior Data Engineer
Suzanne Hurst,suzannehurst202425@slingacademy.com,2176055492,female,26,Mobile Developer,3,7500,Product,Data Engineer
Janet Stephens,janetstephens203449@slingacademy.com,696-753-3875,female,36,Web Developer,14,12000,Product,Lead
Michael Hoover,michaelhoover204983@slingacademy.com,Invalid Number,male,38,DevOps Engineer,13,15500,Product,Lead
Terry Jones,terryjones205228@slingacademy.com,Invalid Number,male,34,Web Developer,10,12000,Product,Senior Data Engineer
Breanna Love,breannalove206374@slingacademy.com,Invalid Number,female,26,Web Developer,2,8000,Product,System Engineer
Elijah Mcguire,elijahmcguire207166@slingacademy.com,Invalid Number,male,28,Web Developer,2,8000,Product,System Engineer
Paige Bell,paigebell208379@slingacademy.com,Invalid Number,female,34,Mobile Developer,10,12000,Product,Senior Data Engineer
Lauren Logan,laurenlogan209754@slingacademy.com,001-449-766-2057,female,29,Web Developer,3,6500,Product,Data Engineer
Gary Watson,garywatson210844@slingacademy.com,Invalid Number,male,35,Mobile Developer,12,12000,Product,Lead
Andrea Miller,andreamiller211593@slingacademy.com,(902)165-6805,female,38,Web Developer,13,13500,Product,Lead
Stephen Anderson,stephenanderson212709@slingacademy.com,730-398-8945,male,29,Web Developer,6,10000,Product,Senior Data Engineer
Erica Montgomery,ericamontgomery213699@slingacademy.com,Invalid Number,female,26,Web Developer,2,8000,Product,System Engineer
Mitchell Olson,mitchellolson214954@slingacademy.com,Invalid Number,male,25,Mobile Developer,3,7500,Product,Data Engineer
Brenda Leonard,brendaleonard215112@slingacademy.com,Invalid Number,female,23,Mobile Developer,1,7500,Product,System Engineer
Sandra Scott,sandrascott216500@slingacademy.com,420.609.2090,female,28,Web Developer,5,8500,Product,Data Engineer
Terry Jackson,terryjackson217122@slingacademy.com,Invalid Number,male,39,Web Developer,14,13000,Product,Lead
John Palmer,johnpalmer218164@slingacademy.com,Invalid Number,male,37,Mobile Developer,14,14000,Product,Lead
Brenda Tapia,brendatapia219999@slingacademy.com,989-757-9111,female,37,Web Developer,11,11500,Product,Lead
Donald Gordon,donaldgordon220327@slingacademy.com,004.508.2105,male,32,Mobile Developer,6,9000,Product,Senior Data Engineer
David Long,davidlong221467@slingacademy.com,095.663.3357,male,33,Mobile Developer,11,11500,Product,Lead
Michael Pratt,michaelpratt222638@slingacademy.com,001-149-139-6964,male,38,Mobile Developer,12,12000,Product,Lead
Jessica West,jessicawest223110@slingacademy.com,Invalid Number,female,32,Mobile Developer,10,12000,Product,Senior Data Engineer
David Jennings,davidjennings224703@slingacademy.com,Invalid Number,male,41,Web Developer,15,12500,Product,Lead
Alicia Perry,aliciaperry225119@slingacademy.com,311-298-4100,female,27,Mobile Developer,1,7500,Product,System Engineer
Karen Marsh,karenmarsh226577@slingacademy.com,Invalid Number,female,28,Web Developer,3,7500,Product,Data Engineer
Richard Holder,richardholder227991@slingacademy.com,Invalid Number,male,35,Web Developer,10,11000,Product,Senior Data Engineer
Ryan Ponce,ryanponce228931@slingacademy.com,5497597305,male,33,Mobile Developer,7,9500,Product,Senior Data Engineer
Eddie Riley,eddieriley229421@slingacademy.com,+1-976-524-6785,male,25,Mobile Developer,1,7500,Product,System Engineer
Zachary Scott,zacharyscott230288@slingacademy.com,Invalid Number,male,27,Mobile Developer,2,8000,Product,System Engineer
Kenneth Nelson,kennethnelson231464@slingacademy.com,Invalid Number,male,32,Mobile Developer,8,10000,Product,Senior Data Engineer
Edgar Lane,edgarlane232635@slingacademy.com,5537213761,male,28,Web Developer,6,10000,Product,Senior Data Engineer
Jeremy Cox,jeremycox233206@slingacademy.com,Invalid Number,male,31,Web Developer,5,9500,Product,Data Engineer
Rhonda Hernandez,rhondahernandez234932@slingacademy.com,767-860-5296,female,37,Mobile Developer,15,14500,Product,Lead
Ashley Gilbert,ashleygilbert235162@slingacademy.com,Invalid Number,female,33,Mobile Developer,9,11500,Product,Senior Data Engineer
Shawn Shaw,shawnshaw236298@slingacademy.com,919-763-5353,male,36,Mobile Developer,13,12500,Product,Lead
Ryan Davis,ryandavis237462@slingacademy.com,Invalid Number,male,29,Mobile Developer,3,8500,Product,Data Engineer
Kristin Bradley,kristinbradley238626@slingacademy.com,(402)457-2111,female,34,Web Developer,12,11000,Product,Lead
Christopher Drake,christopherdrake239403@slingacademy.com,659-857-8858,male,31,Mobile Developer,9,9500,Product,Senior Data Engineer
Justin Clark,justinclark240285@slingacademy.com,Invalid Number,male,30,Web Developer,8,11000,Product,Senior Data Engineer
Scott Owens,scottowens241483@slingacademy.com,Invalid Number,male,35,Web Developer,11,12500,Product,Lead
Rebecca Nelson,rebeccanelson242256@slingacademy.com,Invalid Number,female,23,Mobile Developer,1,7500,Product,System Engineer
Erin Green,eringreen243810@slingacademy.com,Invalid Number,female,23,Web Developer,1,6500,Product,System Engineer
Paul Page,paulpage244408@slingacademy.com,Invalid Number,male,26,Mobile Developer,1,5500,Product,System Engineer
Jamie Ball,jamieball245345@slingacademy.com,001-521-608-0441,female,25,Mobile Developer,3,6500,Product,Data Engineer
Sonya Williams,sonyawilliams246780@slingacademy.com,Invalid Number,female,30,Mobile Developer,4,7000,Product,Data Engineer
Leslie Burton,leslieburton247488@slingacademy.com,279-096-0603,female,38,Web Developer,15,12500,Product,Lead
Daniel Joseph,danieljoseph248143@slingacademy.com,Invalid Number,male,32,Web Developer,10,10000,Product,Senior Data Engineer
Julie Grimes,juliegrimes249118@slingacademy.com,671-825-5709,female,32,Web Developer,10,11000,Product,Senior Data Engineer
Michael Davis,michaeldavis250373@slingacademy.com,Invalid Number,male,29,Mobile Developer,6,10000,Product,Senior Data Engineer
Stephen Hoover,stephenhoover251356@slingacademy.com,001-012-427-6550,male,29,Mobile Developer,6,8000,Product,Senior Data Engineer
Damon Sanders,damonsanders252816@slingacademy.com,0176247153,male,31,Web Developer,6,9000,Product,Senior Data Engineer
Adam Pratt,adampratt253273@slingacademy.com,829.922.4683,male,37,Web Developer,14,14000,Product,Lead
Jesse Gonzalez,jessegonzalez254731@slingacademy.com,853.691.9747,male,25,Web Developer,3,8500,Product,Data Engineer
Debra Cruz,debracruz255511@slingacademy.com,Invalid Number,female,36,Mobile Developer,13,13500,Product,Lead
Gregory Smith,gregorysmith256470@slingacademy.com,Invalid Number,male,31,Mobile Developer,5,7500,Product,Data Engineer
Natasha Cook,natashacook257144@slingacademy.com,975-551-0070,female,35,Web Developer,11,10500,Product,Lead
Robert Weber,robertweber258728@slingacademy.com,Invalid Number,male,32,Mobile Developer,7,9500,Product,Senior Data Engineer
Carly Thompson,carlythompson259241@slingacademy.com,(850)197-6611,female,27,Web Developer,1,5500,Product,System Engineer
Maureen Campbell,maureencampbell260229@slingacademy.com,168-469-7587,female,29,Mobile Developer,7,9500,Product,Senior Data Engineer
Alex Brown,alexbrown261949@slingacademy.com,Invalid Number,male,31,Web Developer,5,9500,Product,Data Engineer
Breanna Allen,breannaallen262722@slingacademy.com,Invalid Number,female,38,Mobile Developer,14,12000,Product,Lead
Michael Pearson,michaelpearson263989@slingacademy.com,8006107617,male,30,Web Developer,4,7000,Product,Data Engineer
Cheryl Lewis,cheryllewis264411@slingacademy.com,(806)267-8045,female,28,Web Developer,6,8000,Product,Senior Data Engineer
Megan Brown,meganbrown265895@slingacademy.com,596-551-1329,female,23,Web Developer,1,6500,Product,System Engineer
Linda Haynes,lindahaynes266984@slingacademy.com,Invalid Number,female,29,Mobile Developer,7,8500,Product,Senior Data Engineer
Kathy Palmer,kathypalmer267804@slingacademy.com,Invalid Number,female,36,Web Developer,12,11000,Product,Lead
Tammy Ball,tammyball268170@slingacademy.com,8439547062,female,23,Mobile Developer,1,5500,Product,System Engineer
Samuel Reed,samuelreed269624@slingacademy.com,Invalid Number,male,34,Mobile Developer,8,10000,Product,Senior Data Engineer
Erik Page,erikpage270609@slingacademy.com,+1-859-269-6655,male,32,Web Developer,9,10500,Product,Senior Data Engineer
Tristan Price,tristanprice271230@slingacademy.com,001-369-038-1224,male,38,Mobile Developer,15,12500,Product,Lead
Natalie Skinner,natalieskinner272142@slingacademy.com,Invalid Number,female,34,Mobile Developer,12,12000,Product,Lead
Nicole Castro,nicolecastro273516@slingacademy.com,Invalid Number,female,34,Web Developer,9,10500,Product,Senior Data Engineer
Natasha Hughes,natashahughes274687@slingacademy.com,Invalid Number,female,28,Mobile Developer,6,9000,Product,Senior Data Engineer
Pamela Herrera,pamelaherrera275422@slingacademy.com,Invalid Number,female,32,Web Developer,6,8000,Product,Senior Data Engineer
Gary Houston,garyhouston276947@slingacademy.com,Invalid Number,male,25,Mobile Developer,1,6500,Product,System Engineer
Peter Johnson,peterjohnson277327@slingacademy.com,Invalid Number,male,27,Mobile Developer,5,7500,Product,Data Engineer
April Houston,aprilhouston278122@slingacademy.com,Invalid Number,female,27,Mobile Developer,3,6500,Product,Data Engineer
Adam Martinez,adammartinez279637@slingacademy.com,Invalid Number,male,35,Mobile Developer,9,11500,Product,Senior Data Engineer
William Peters,williampeters280898@slingacademy.com,Invalid Number,male,30,Web Developer,7,8500,Product,Senior Data Engineer
Meagan Henderson,meaganhenderson281151@slingacademy.com,Invalid Number,female,30,Web Developer,8,9000,Product,Senior Data Engineer
Charles West,charleswest282127@slingacademy.com,Invalid Number,male,26,Web Developer,2,8000,Product,System Engineer
Rebecca Jackson,rebeccajackson283741@slingacademy.com,(112)301-1517,female,27,Mobile Developer,2,8000,Product,System Engineer
Alec Maldonado,alecmaldonado284453@slingacademy.com,+1-484-025-5906,male,33,Mobile Developer,7,9500,Product,Senior Data Engineer
Michele Edwards,micheleedwards285969@slingacademy.com,4055420736,female,40,Web Developer,14,12000,Product,Lead
John Hall,johnhall286107@slingacademy.com,Invalid Number,male,36,Web Developer,12,13000,Product,Lead
Justin Perry,justinperry287419@slingacademy.com,Invalid Number,male,41,Mobile Developer,15,14500,Product,Lead
Lauren Norton,laurennorton288284@slingacademy.com,Invalid Number,female,27,Web Developer,3,6500,Product,Data Engineer
Omar Soto,omarsoto289950@slingacademy.com,Invalid Number,male,30,Web Developer,5,8500,Product,Data Engineer
Michael Howard,michaelhoward290216@slingacademy.com,6585788235,male,39,Web Developer,15,14500,Product,Lead
Kathleen Green,kathleengreen291790@slingacademy.com,Invalid Number,female,35,Mobile Developer,9,10500,Product,Senior Data Engineer
Kent Thompson,kentthompson292193@slingacademy.com,Invalid Number,male,38,Web Developer,13,11500,Product,Lead
Benjamin Wilson,benjaminwilson293449@slingacademy.com,Invalid Number,male,24,Mobile Developer,1,5500,Product,System Engineer
Steven Vaughn,stevenvaughn294759@slingacademy.com,Invalid Number,male,32,Mobile Developer,10,11000,Product,Senior Data Engineer
Michael Tyler,michaeltyler295487@slingacademy.com,785-352-2310,male,33,Web Developer,11,10500,Product,Lead
Richard Lin,richardlin296285@slingacademy.com,471-829-6568,male,28,Web Developer,6,10000,Product,Senior Data Engineer
Jennifer Williams,jenniferwilliams297896@slingacademy.com,Invalid Number,female,37,Web Developer,13,12500,Product,Lead
Shelley Hubbard,shelleyhubbard298845@slingacademy.com,Invalid Number,female,30,Web Developer,7,8500,Product,Senior Data Engineer
Sean Choi,seanchoi299793@slingacademy.com,Invalid Number,male,28,Web Developer,2,7000,Product,System Engineer
Marie Gross,mariegross300870@slingacademy.com,Invalid Number,female,32,Web Developer,7,8500,Product,Senior Data Engineer
Tracy Leon,tracyleon301263@slingacademy.com,Invalid Number,female,32,Web Developer,8,11000,Product,Senior Data Engineer
Steven Peterson,stevenpeterson302672@slingacademy.com,Invalid Number,male,35,Web Developer,12,11000,Product,Lead
Justin Webster,justinwebster303292@slingacademy.com,001-990-293-4626,male,32,Web Developer,8,11000,Product,Senior Data Engineer
Courtney Stanley,courtneystanley304326@slingacademy.com,Invalid Number,female,28,Web Developer,4,7000,Product,Data Engineer
Walter Crawford,waltercrawford305879@slingacademy.com,(477)112-0518,male,34,Web Developer,12,12000,Product,Lead
Danielle Sparks,daniellesparks306675@slingacademy.com,Invalid Number,female,26,Web Developer,2,8000,Product,System Engineer
Cheryl Rose,cherylrose307221@slingacademy.com,Invalid Number,female,26,Web Developer,4,7000,Product,Data Engineer
Justin Mann,justinmann308432@slingacademy.com,718-998-3978,male,25,Web Developer,3,7500,Product,Data Engineer
Vanessa Carter,vanessacarter309183@slingacademy.com,(620)811-3763,female,26,Web Developer,1,5500,Product,System Engineer
Anthony Colon,anthonycolon310698@slingacademy.com,Invalid Number,male,34,Web Developer,12,12000,Product,Lead
April Holland,aprilholland311155@slingacademy.com,Invalid Number,female,37,Web Developer,15,14500,Product,Lead
Bill Anderson,billanderson312995@slingacademy.com,(202)724-9857,male,39,Web Developer,14,14000,Product,Lead
Kelsey Moss,kelseymoss313481@slingacademy.com,206-016-2029,female,38,Web Developer,14,12000,Product,Lead
Maureen Phillips,maureenphillips314243@slingacademy.com,Invalid Number,female,26,Web Developer,2,7000,Product,System Engineer
Michelle Hooper,michellehooper315396@slingacademy.com,401.041.6802,female,29,Web Developer,4,9000,Product,Data Engineer
Steven Lewis,stevenlewis316274@slingacademy.com,Invalid Number,male,34,Web Developer,11,11500,Product,Lead
Kevin Rodriguez,kevinrodriguez317974@slingacademy.com,Invalid Number,male,29,Web Developer,5,8500,Product,Data Engineer
Alexandra Bell,alexandrabell318109@slingacademy.com,Invalid Number,female,39,Web Developer,14,13000,Product,Lead
Courtney Mcdaniel,courtneymcdaniel319568@slingacademy.com,Invalid Number,female,28,Web Developer,3,8500,Product,Data Engineer
